steps,time,reward,delta,converged
1,0.000749000000041633,57.0,100.0,False
2,0.0005889999999908468,57.0,0,True
