steps,time,reward,delta,converged
1,0.0032400000000001317,0.6666666666666666,0.08333333333333331,False
2,0.0026220000000001242,0.6666666666666666,0,True
