steps,time,reward,delta,converged
1,0.01591600000000426,0.6666666666666666,0.08333333333333331,False
2,0.015245000000000175,0.6666666666666666,0,True
