steps,time,reward,delta,converged
1,0.0009190000000103282,0.6666666666666666,0.3333333333333333,False
2,0.0008499999999855845,0.6666666666666666,0,True
