steps,time,reward,delta,converged
1,0.005113999999991847,0.6666666666666666,0.3333333333333333,False
2,0.005484000000024025,0.6666666666666666,0,True
