k,GMM,Kmeans
2,0.8856676194365047,0.8856676194365047
3,0.8856676194365047,0.8856676194365047
4,0.8856676194365047,0.8856676194365047
5,0.8856676194365047,0.8856676194365047
6,0.8856676194365047,0.8856676194365047
7,0.8856676194365047,0.8856676194365047
8,0.8856676194365047,0.8856676194365047
9,0.8856676194365047,0.893834218048183
10,0.8856676194365047,0.8877092690894243
15,0.8856676194365047,0.8856676194365047
20,0.8856676194365047,0.8930175581870151
25,0.8873009391588403,0.8877092690894243
30,0.8913842384646795,0.8881175990200082
35,0.8881175990200082,0.8922008983258473
40,0.8901592486729277,0.8922008983258473
